{"cameraMode":{"drawMode":0,"name":"Shaded","section":"Shading Mode"},"sceneLighting":true,"audioPlay":false,"sceneViewState":{"showFog":true,"showMaterialUpdate":false,"showSkybox":true,"showFlares":true,"showImageEffects":true,"showParticleSystems":true},"in2DMode":false,"pivot":{"x":-52.299930572509769,"y":24.373855590820314,"z":-9.483240127563477},"rotation":{"x":0.22533120214939118,"y":0.5974547266960144,"z":-0.17991602420806886,"w":0.7482672929763794},"size":24.68695640563965,"orthographic":false}